INSERT INTO `admin` (`id_admin`, `usuario`, `contrasena`, `token`, `activo`) VALUES
(2, 'administrador', '$2b$10$1Cc5aJfRo.E4ByAouT8mCeOkGuStpqpsILbsyINsWscHVTOv6jP6O', '60d201be5b6c299f8fea8456790bcb79', 1),
(3, 'super_administrador', '$2b$10$5WWdONr8PEeKVfSEiu5.JeiTV1DprpblUnpufU8jzkg5xzToDvpgW', '451eef5a95999567b8b4803cd8722fce', 1),
(4, 'super_administrador', '$2b$10$Wjm5YyLZezI3pIrLagwo8u99iR2SglMmXKb3qPS8vQEknqvq6Dmrq', '83af16178dfe33b880cf5d6aae730e1a', 1);


INSERT INTO `cliente` (`ID_USUARIO`, `nombre`, `apellidos`, `correo`, `contrasena`, `createdAt`, `updatedAt`) VALUES
('4HoADqQJxpPoTef0rA3XCaa1nNt1', 'carla fabiola', 'armas garcia', 'ckrlokc_armas@hotmail.com', '', '2019-04-24 15:11:46', '2019-04-24 15:11:46'),
('4wa8nm4prrTD3PQw3tfRwjBXMc02', 'test', 'test test', 'test3@gmail.com', '', '2019-02-04 03:07:07', '2019-02-04 03:07:07'),
('aL3GtIEyKFfkvUxxXfBZbqUwSA43', 'carlos alberto', 'alvarez pascual', 'car.alp@hotmail.com', '', '2019-03-17 02:33:36', '2019-03-17 02:33:36'),
('asdasda', 'ada', 'asdasd', 'adsads', '', '2019-02-04 02:58:02', '2019-02-04 03:06:33'),
('DXOKCE0tAcWMKG1Pq0WxzJozJSF3', 'test2', 'test2', 'test6@gmail.com', '', '2019-02-04 06:50:59', '2019-02-04 06:50:59'),
('FBgnevWONyPgriOq7GQXv5zmL9B2', 'Paola', 'San Luis', 'codesur.vhsa@gmail.com', '', '2019-02-05 17:44:55', '2019-02-05 17:44:55'),
('gfszug6LfPQbHfpvbLVy3Lc0Myp1', 'test', 'test test', 'test4@gmail.com', '', '2019-02-04 03:08:19', '2019-02-04 03:08:19'),
('HutJSr6T0whvRELZl0XHaGOVgiQ2', 'Miles', 'Morales', 'testmatilde2@gmail.com', '', '2019-03-30 17:58:55', '2019-03-30 17:58:55'),
('iI8w4RFRxoP2yeYFgEl6QsGp16a2', 'luis enrique', 'diaz castillo', 'henrydiaz@hotmail.com', '', '2019-02-20 21:24:09', '2019-02-20 21:24:09'),
('JlucGBVQ66YkePKJBWDnGzwmu3D2', 'Roberto', 'Gonzalez', 'roberto_glez@outlook.com', '', '2019-02-04 17:25:39', '2019-02-04 17:25:39'),
('JMd7iHoFX4Zb1cXXoVi2qY8PchY2', 'test', 'test test', 'test5@gmail.com', '', '2019-02-04 05:21:50', '2019-02-04 05:21:50'),
('PxuE1Ji8AuUxgtk4CQXZN14CND42', 'asd', 'asd', 'asd@gmail.com', '', '2019-03-02 21:11:41', '2019-03-02 21:11:41'),
('RRGq6kFfxDVIxiMkjv0BnAKuHZh2', 'Dwigth', 'Astacio Hernández', 'dwigth32@outlook.es', '', '2019-02-04 18:42:04', '2019-02-04 18:42:04'),
('T9bmCGLSUrVvRU7SjMhojFpeBos2', 'sergio manuel', 'morales morales', 'sergiommm3112@gmail.com', '', '2019-02-25 22:22:33', '2019-02-25 22:22:33'),
('yUrQwfxSDHW2DE0d5tElu8WuTzp1', 'Ariana', 'Rosas Albarran', 'rosas.ariana.91@gmail.com', '', '2019-04-08 18:28:25', '2019-04-08 18:28:25');


INSERT INTO `licencia` (`ID_LICENCIA`, `key`, `ID_USUARIO`, `createdAt`, `updatedAt`) VALUES
('0', 'unodos', '4wa8nm4prrTD3PQw3tfRwjBXMc02', '2019-02-04 03:07:07', '2019-02-04 03:07:07'),
('3mPr817ezVvzD496gGla', 'unosiete', 'RRGq6kFfxDVIxiMkjv0BnAKuHZh2', '2019-02-04 18:42:04', '2019-02-04 18:42:04'),
('5jJBrxzMRBagdyp1Qn8w', '3qKXkoE9', 'T9bmCGLSUrVvRU7SjMhojFpeBos2', '2019-02-25 22:22:33', '2019-02-25 22:22:33'),
('71BnZDxbzPDzaoXA4kEe', 'wNYm4qEG', 'FBgnevWONyPgriOq7GQXv5zmL9B2', '2019-02-05 17:44:55', '2019-02-05 17:44:55'),
('9xN7rMalVPN2J5znRL63', 'unocuatro', 'JMd7iHoFX4Zb1cXXoVi2qY8PchY2', '2019-02-04 05:21:50', '2019-02-04 05:21:50'),
('eAZ4nj3NzpwKL2BQwvdy', 'AeY8r1OE', 'aL3GtIEyKFfkvUxxXfBZbqUwSA43', '2019-03-17 02:33:37', '2019-03-17 02:33:37'),
('j9Pv24OwlP6g1neNqa3x', 'unotres', 'gfszug6LfPQbHfpvbLVy3Lc0Myp1', '2019-02-04 03:08:19', '2019-02-04 03:08:19'),
('JbNyALZkOlaRz1MavQ4l', 'yzWPaa1X', 'iI8w4RFRxoP2yeYFgEl6QsGp16a2', '2019-02-20 21:24:09', '2019-02-20 21:24:09'),
('kNzDx0YV4wvBreq7pd3o', '50qyvYDG', 'PxuE1Ji8AuUxgtk4CQXZN14CND42', '2019-03-02 21:11:41', '2019-03-02 21:11:41'),
('KPoEJj952K0Wy3pVGRD7', '9mbElMAE', 'yUrQwfxSDHW2DE0d5tElu8WuTzp1', '2019-04-08 18:28:25', '2019-04-08 18:28:25'),
('owJrjyxklwOl15OWgvqz', 'mQ8eW9oA', 'HutJSr6T0whvRELZl0XHaGOVgiQ2', '2019-03-30 17:58:55', '2019-03-30 17:58:55'),
('PdojraYyD7JNg3QbERzG', 'unocinco', 'DXOKCE0tAcWMKG1Pq0WxzJozJSF3', '2019-02-04 06:50:59', '2019-02-04 06:50:59'),
('rZYbdAn5KPV7k0RamEj6', 'kL14vnav', '4HoADqQJxpPoTef0rA3XCaa1nNt1', '2019-04-24 15:11:46', '2019-04-24 15:11:46'),
('Z81oz4gv5Rv5xG6yYAXO', 'unoseis', 'JlucGBVQ66YkePKJBWDnGzwmu3D2', '2019-02-04 17:25:39', '2019-02-04 17:25:39');


INSERT INTO `metodo` (`id_metodo`, `nombre`) VALUES
(8, 'Anticonceptivos Orales'),
(9, 'Métodos Inyectables'),
(10, 'Condón Masculino'),
(11, 'Anticonceptivos de Emergencia'),
(13, 'Parches Anticonceptivos'),
(14, 'Pruebas de embarazo');


INSERT INTO `principio` (`id_principio`, `nombre`, `id_metodo`) VALUES
(10, ' Algestona+Estradiol', 9),
(11, 'Medroxiprogesterona+Estradiol', 9),
(12, 'Progesterona+Estradiol', 9),
(13, 'Norelgestromina+Etinilestradiol', 13),
(14, 'Levonorgestrel', 11),
(16, 'Drospirenona+Etinilestradiol', 8),
(17, 'Ciproterona+Estradiol', 8),
(18, 'Desogestrel+Etinilestradiol', 8),
(19, 'Levonorgestrel+Etinilestradiol', 8),
(20, 'Ulipristal', 11),
(21, 'Noretisterona+Estradiol', 9),
(22, 'Gestodeno+Etinilestradiol', 8),
(23, 'Pruebas de embarazo', 14),
(24, 'Condón Masculino', 10),
(25, 'Estradiol', 8);

INSERT INTO `tienda` (`id_tienda`, `nombre`, `direccion`) VALUES
(1, 'Farmacias Similares', '  P. Sherman Calle Walaby 42, Sydney-'),
(2, 'Farmacias del Ahorro', ' Uff man en cada esquina tambien'),
(3, 'OXXO', 'Cada esquina :v'),
(15, 'Farmacias Siglo XXI', 'Esqu'),
(16, 'Farmacias Yza', 'everywhere'),
(17, 'Walmart', 'todoelmundo'),
(18, 'Chedraui', 'everywhere x2'),
(19, 'Extra', 'porelmundo');


INSERT INTO `producto` (`id_producto`, `imagen`, `nombre`, `precio`, `presentacion`, `id_metodo`, `id_principio`, `id_tienda`) VALUES
(37, '', 'Mesbru', '41', '1 Ampolleta. Método Mensual', 9, 10, 1),
(38, '', 'Genecar', '49', ' 1 Ampolleta. Método Mensual', 9, 11, 1),
(39, '', 'Gestrygen', '159', ' 1 Ampolleta. Método Mensual', 9, 12, 1),
(40, '', 'Evra', '317', '3 Piezas', 13, 13, 1),
(41, '', 'Levonorgestrel Unidosis', '65', '1 Tableta', 11, 14, 1),
(42, 'C:/AppServ/www/public/productos/42/no-available.png', 'Levonorgestrel', '50', '2 Tabletas', 11, 14, 1),
(44, 'C:/AppServ/www/public/productos/44/no-available.png', 'Drospirenona + Etinilestradiol', '149', '21 Comprimidos', 8, 16, 1),
(45, 'C:/AppServ/www/public/productos/45/no-available.png', 'Ciproterona + Etinilestradiol', '129', '21 Tabletas', 8, 17, 1),
(46, 'C:/AppServ/www/public/productos/46/no-available.png', 'Perrigo', '50', '21 Tabletas', 8, 18, 1),
(47, 'C:/AppServ/www/public/productos/47/no-available.png', 'Perrigo México', '37', '28 Tabletas', 8, 19, 1),
(48, 'C:/AppServ/www/public/productos/48/no-available.png', 'Yasmin', '291', '21 Comprimidos', 8, 16, 2),
(49, '', 'Cyclofemina', '185', '1 Ampolleta. Método Mensual', 9, 11, 2),
(50, '', 'Patector', '209', '1 Ampolleta. Método Mensual', 9, 10, 2),
(51, '', 'Dreams', '95', '2 Tabletas', 11, 14, 2),
(52, '', 'Postday', '84', '2 Tabletas', 11, 14, 2),
(53, '', 'Diane', '323', '21 Grageas', 8, 17, 2),
(54, '', 'Postday', '119', '1 Tableta', 11, 14, 2),
(55, '', 'Yasmin 24/4', '312', '28 Grageas', 8, 16, 2),
(56, '', 'Evra', '352', '3 Piezas', 13, 13, 2),
(57, '', 'Femelle One', '161', '1 Tableta', 11, 20, 2),
(58, '', 'Ilimit', '258', '28 Comprimidos', 8, 16, 2),
(59, '', 'Microgynon', '198', '21 Grageas', 8, 19, 2),
(60, '', 'Nordet', '235', '21 Grageas', 8, 19, 2),
(61, '', 'Ginorelle', '271', '28 Comprimidos', 8, 16, 2),
(63, '', 'Marvelon', '227', '21 Tabletas', 8, 18, 2),
(64, '', 'Minulet', '356', '21 Grageas', 8, 22, 2),
(65, '', 'Mercilon', '280', '21 Tabletas', 8, 18, 2),
(66, '', 'Gynovin', '353', '21 Grageas', 8, 22, 2),
(67, '', 'Radiance', '246', '28 Comprimidos', 8, 16, 2),
(68, '', 'Minesse', '445', '28 Grageas', 8, 22, 2),
(69, '', 'Microgynon', '208', '28 Capsulas', 8, 19, 2),
(70, '', 'Triquilar', '286', '21 Grageas', 8, 19, 2),
(71, '', 'Simi Texturizado', '27', '3 Piezas', 10, 24, 1),
(72, '', 'Alfa Texturizados', '34', '3 Piezas', 10, 24, 1),
(74, '', 'Quickly', '50', '1 Pieza', 14, 23, 1),
(75, '', 'Primogyn', '433', '28 Grageas', 8, 25, 2),
(76, '', 'Neogynon', '304', '21 Grageas', 8, 19, 2),
(77, '', 'Cerciora-T', '112', '2 Comprimidos', 11, 14, 2),
(78, '', 'Postinor-2', '153', '1 Tableta', 11, 14, 2),
(79, '', 'Oportuna', '101', '2 Grageas', 11, 14, 2),
(80, '', 'Sico Sensitive', '57', '3 Piezas', 10, 24, 2),
(81, '', 'Sico Safety', '57', '3 Piezas', 10, 24, 2),
(82, '', 'Trojan Clasico', '53', '3 Piezas', 10, 24, 2),
(83, '', 'Prudence Clasico', '9', '1 Pieza', 10, 24, 2),
(84, '', 'Prudence Clasico', '31', '3 Piezas', 10, 24, 2),
(85, '', 'M Force Natural', '50', '3 Piezas', 10, 24, 2),
(86, '', 'Playboy Clasico', '45', '3 Piezas', 10, 24, 2),
(87, '', 'One Step', '71', '1 Pieza', 14, 23, 2),
(88, '', 'Just Ask', '64', '1 Pieza', 14, 23, 2),
(89, '', 'Gravix', '60', '1 Pieza', 14, 23, 2),
(90, '', 'First Response', '169', '1 Pieza', 14, 23, 2),
(91, '', 'Ahorro Digital', '148', '1 Pieza', 14, 23, 2),
(92, '', 'Clearblue Digital', '198', '1 Pieza', 14, 23, 2),
(93, '', 'Ahorro Casera', '53', '1 Pieza', 14, 23, 2),
(94, '', 'Postinor U.S', '108', '1 Pieza', 14, 23, 2),
(95, '', 'Clearblue Casera', '94', '1 Pieza', 14, 23, 2),
(96, '', 'Prudence Clásico ', '40', '3 Piezas', 10, 24, 3),
(97, '', 'Sico Play', '39', '3 Piezas', 10, 24, 3),
(98, '', 'Prudence Clasico', '37', '3 Piezas', 10, 24, 16),
(99, '', 'Prudence Texturizado', '50', '3 Piezas', 10, 24, 16),
(100, '', 'Trojan Clasico', '65', '3 Piezas', 10, 24, 16),
(101, '', 'Sico Sensitive', '79', '3 Piezas', 10, 24, 16),
(102, '', 'Playboy Clásico', '60', '3 Piezas', 10, 24, 16),
(103, '', 'Trojan Piel Desnuda', '48', '3 Piezas', 10, 24, 17),
(104, '', 'M Texturizados', '55', '3 Piezas', 10, 24, 17),
(105, '', 'Durex Profam', '28', '3 Piezas', 10, 24, 17),
(106, '', 'M Ultra Sens', '55', '3 Piezas', 10, 24, 17),
(107, '', 'Prudence Clásico', '32', '3 Piezas', 10, 24, 17),
(108, '', 'Sico Safety', '56', '3 Piezas', 10, 24, 17),
(109, '', 'Trojan Pro-Tech', '53', '3 Piezas', 10, 24, 17),
(110, '', 'Sico Ultrasense', '55', '3 Piezas', 10, 24, 17),
(111, '', 'Just Ask', '55', '1 Pieza', 14, 23, 17),
(112, '', 'Clearblue Digital', '190', '1 Pieza', 14, 23, 17),
(113, '', 'Medi Mart', '45', '1 Pieza', 14, 23, 17),
(114, '', 'Gravix', '50', '1 Pieza', 14, 23, 17),
(115, '', 'Postday', '115', '1 Comprimido', 11, 14, 17),
(116, '', 'Postday', '79', '2 Comprimidos', 11, 14, 17),
(117, '', 'Postinor', '116', '1 Tableta', 11, 14, 17),
(118, '', 'Oportuna', '118', '2 Tabletas', 11, 14, 17),
(119, '', 'Femelle One', '227', '1 Comprimido', 11, 20, 17),
(120, '', 'Evra', '354', '3 Piezas', 13, 13, 17),
(121, '', 'Clearblue Digital', '188', '1 Pieza', 14, 23, 18),
(122, '', 'Clearblue Casera', '94', '1 Pieza', 14, 23, 18),
(123, '', 'Gravix', '48', '1 Pieza', 14, 23, 18),
(124, '', 'Gi Supramed', '45', '1 Pieza', 14, 23, 18),
(125, '', 'One Step', '50', '1 Pieza', 14, 23, 18),
(126, '', 'Fullsen Seguridad', '71', '3 Piezas', 10, 24, 19),
(127, '', 'Prudence Clasico', '60', '3 Piezas', 10, 24, 19),
(128, '', 'M Force Multi O', '88', '3 Piezas', 10, 24, 19),
(129, '', 'Sico Play', '50', '3 Piezas', 10, 24, 19),
(130, '', 'Trojan Pro Tech', '77', '3 Piezas', 10, 24, 19);